ori,ncic_agency_name,agency_name_edit,agency_type_name,state_abbr,data_year,population,male_officer_ct,male_civilian_ct,male_total_ct,female_officer_ct,female_civilian_ct,female_total_ct,officer_ct,civilian_ct,total_pe_ct,pe_ct_per_1000
CA0010000,ALAMEDA CO SO OAKLAND,ALAMEDA CO SO OAKLAND,County,CA,2020,130662,834,198,1032,135,353,488,969,551,1520,11.63
CA0010100,ALAMEDA PD,ALAMEDA PD,City,CA,2020,78047,64,5,69,8,28,36,72,33,105,1.35
CA0010200,ALBANY PD,ALBANY PD,City,CA,2020,19830,21,2,23,1,7,8,22,9,31,1.56
CA0010300,BERKELEY PD,BERKELEY PD,City,CA,2020,122346,137,30,167,26,61,87,163,91,254,2.08
CA0010400,EMERYVILLE PD,EMERYVILLE PD,City,CA,2020,12328,34,4,38,3,13,16,37,17,54,4.38
CA0010500,FREMONT PD,FREMONT PD,City,CA,2020,244259,172,20,192,23,86,109,195,106,301,1.23
CA0010600,HAYWARD PD,HAYWARD PD,City,CA,2020,160891,154,28,182,20,85,105,174,113,287,1.78
CA0010700,LIVERMORE PD,LIVERMORE PD,City,CA,2020,91200,75,5,80,13,32,45,88,37,125,1.37
CA0010800,NEWARK PD,NEWARK PD,City,CA,2020,49934,38,8,46,13,16,29,51,24,75,1.50
CA0010900,OAKLAND PD,OAKLAND PD,City,CA,2020,437923,632,83,715,108,233,341,740,316,1056,2.41
CA0011000,PIEDMONT PD,PIEDMONT PD,City,CA,2020,11184,16,2,18,4,8,12,20,10,30,2.68
CA0011100,PLEASANTON PD,PLEASANTON PD,City,CA,2020,83164,69,3,72,9,28,37,78,31,109,1.31
CA0011200,SAN LEANDRO PD,SAN LEANDRO PD,City,CA,2020,89239,81,7,88,8,34,42,89,41,130,1.46
CA0011300,UNION CITY PD,UNION CITY PD,City,CA,2020,74625,59,5,64,10,12,22,69,17,86,1.15
CA0011400,E BAY REG PKS DIST DEPT OF PUB SAFETY OAKLAND,E BAY REG PKS DIST DEPT OF PUB SAFETY OAKLAND,Other,CA,2020,0,56,11,67,5,22,27,61,33,94,
CA0011500,CALIFORNIA STATE UNIV PD HAYWARD,CALIFORNIA STATE UNIV PD HAYWARD,University or College,CA,2020,0,10,4,14,2,5,7,12,9,21,
CA0019700,UNIV CAL PD BERKELEY,UNIV CAL PD BERKELEY,University or College,CA,2020,0,33,40,73,11,20,31,44,60,104,
CA0020000,ALPINE CO SO MARKLEEVILLE,ALPINE CO SO MARKLEEVILLE,County,CA,2020,1115,12,0,12,0,3,3,12,3,15,13.45
CA0030000,AMADOR CO SO JACKSON,AMADOR CO SO JACKSON,County,CA,2020,23399,43,20,63,2,25,27,45,45,90,3.85
CA0030200,IONE PD,IONE PD,City,CA,2020,8674,9,0,9,0,0,0,9,0,9,1.04
CA0030300,JACKSON PD,JACKSON PD,City,CA,2020,4861,7,0,7,2,1,3,9,1,10,2.06
CA0030500,SUTTER CREEK PD,SUTTER CREEK PD,City,CA,2020,2634,4,0,4,1,0,1,5,0,5,1.90
CA0040000,BUTTE CO SO OROVILLE,BUTTE CO SO OROVILLE,County,CA,2020,79208,93,82,175,7,86,93,100,168,268,3.38
CA0040200,CHICO PD,CHICO PD,City,CA,2020,105355,86,7,93,8,43,51,94,50,144,1.37
CA0040300,GRIDLEY PD,GRIDLEY PD,City,CA,2020,7320,10,1,11,1,5,6,11,6,17,2.32
CA0040400,OROVILLE PD,OROVILLE PD,City,CA,2020,20983,18,4,22,3,12,15,21,16,37,1.76
CA0040500,PARADISE PD,PARADISE PD,City,CA,2020,4072,15,2,17,1,6,7,16,8,24,5.89
CA0049700,CSU CHICO POLICE DEPARTMENT,CSU CHICO POLICE DEPARTMENT,University or College,CA,2020,0,15,1,16,3,8,11,18,9,27,
CA0050000,CALAVERAS CO SO SAN ANDREAS,CALAVERAS CO SO SAN ANDREAS,County,CA,2020,41520,53,27,80,8,35,43,61,62,123,2.96
CA0050100,ANGELS POLICE DEPARTMENT,ANGELS POLICE DEPARTMENT,City,CA,2020,3974,5,0,5,1,1,2,6,1,7,1.76
CA0060000,COLUSA CO SO COLUSA,COLUSA CO SO COLUSA,County,CA,2020,9859,31,3,34,9,18,27,40,21,61,6.19
CA0060100,COLUSA PD,COLUSA PD,City,CA,2020,6042,6,0,6,3,1,4,9,1,10,1.66
CA0060200,WILLIAMS PD,WILLIAMS PD,City,CA,2020,5443,9,0,9,1,2,3,10,2,12,2.20
CA0070000,CONTRA COSTA CO SO MARTINEZ,CONTRA COSTA CO SO MARTINEZ,County,CA,2020,165504,535,92,627,99,207,306,634,299,933,5.64
CA0070100,ANTIOCH PD,ANTIOCH PD,City,CA,2020,112481,115,6,121,5,40,45,120,46,166,1.48
CA0070200,BRENTWOOD PD,BRENTWOOD PD,City,CA,2020,66061,59,6,65,5,25,30,64,31,95,1.44
CA0070300,CLAYTON PD,CLAYTON PD,City,CA,2020,12420,6,0,6,5,2,7,11,2,13,1.05
CA0070400,CONCORD PD,CONCORD PD,City,CA,2020,130074,117,4,121,18,39,57,135,43,178,1.37
CA0070500,EL CERRITO PD,EL CERRITO PD,City,CA,2020,25725,34,2,36,4,6,10,38,8,46,1.79
CA0070600,HERCULES PD,HERCULES PD,City,CA,2020,26524,19,0,19,3,4,7,22,4,26,0.98
CA0070700,PINOLE PD,PINOLE PD,City,CA,2020,19350,24,2,26,2,15,17,26,17,43,2.22
CA0070800,PITTSBURG PD,PITTSBURG PD,City,CA,2020,73673,73,1,74,12,17,29,85,18,103,1.40
CA0070900,PLEASANT HILL PD,PLEASANT HILL PD,City,CA,2020,35032,36,3,39,7,10,17,43,13,56,1.60
CA0071000,RICHMOND PD,RICHMOND PD,City,CA,2020,111367,117,18,135,28,37,65,145,55,200,1.80
CA0071100,SAN PABLO PD,SAN PABLO PD,City,CA,2020,31164,52,5,57,4,22,26,56,27,83,2.66
CA0071200,WALNUT CREEK PD,WALNUT CREEK PD,City,CA,2020,70849,65,11,76,15,26,41,80,37,117,1.65
CA0071300,KENSINGTON PD,KENSINGTON PD,City,CA,2020,5077,9,0,9,1,0,1,10,0,10,1.97
CA0071400,MARTINEZ PD,MARTINEZ PD,City,CA,2020,38543,31,0,31,2,13,15,33,13,46,1.19
CA0071600,MORAGA PD,MORAGA PD,City,CA,2020,17986,9,0,9,2,2,4,11,2,13,0.72
CA0071800,SF BAY RAP TRANSIT SEC CONTRA COSTA CO OAKLAND,SF BAY RAP TRANSIT SEC CONTRA COSTA CO OAKLAND,Other,CA,2020,0,201,77,278,21,53,74,222,130,352,
CA0072100,CONTRA COSTA COMM COL DIST POL SRVCS PITTSBURG,CONTRA COSTA COMM COL DIST POL SRVCS PITTSBURG,University or College,CA,2020,0,19,5,24,2,8,10,21,13,34,
CA007240X,SAN RAMON,SAN RAMON,City,CA,2020,76502,61,6,67,6,10,16,67,16,83,1.08
CA0080000,DEL NORTE CO SO CRESCENT CITY,DEL NORTE CO SO CRESCENT CITY,County,CA,2020,20747,17,16,33,4,16,20,21,32,53,2.55
CA0080100,CRESCENT CITY PD,CRESCENT CITY PD,City,CA,2020,6706,10,0,10,2,1,3,12,1,13,1.94
CA0090000,EL DORADO CO SO PLACERVILLE,EL DORADO CO SO PLACERVILLE,County,CA,2020,158704,154,100,254,13,95,108,167,195,362,2.28
CA0090100,PLACERVILLE PD,PLACERVILLE PD,City,CA,2020,11255,15,0,15,3,8,11,18,8,26,2.31
CA0090200,SOUTH LAKE TAHOE PD,SOUTH LAKE TAHOE PD,City,CA,2020,22286,34,1,35,3,15,18,37,16,53,2.38
CA0100000,FRESNO CO SO FRESNO,FRESNO CO SO FRESNO,County,CA,2020,163263,381,473,854,40,276,316,421,749,1170,7.17
CA0100100,CLOVIS PD,CLOVIS PD,City,CA,2020,116809,83,20,103,15,47,62,98,67,165,1.41
CA0100200,COALINGA PD,COALINGA PD,City,CA,2020,17061,17,2,19,0,5,5,17,7,24,1.41
CA0100300,FIREBAUGH PD,FIREBAUGH PD,City,CA,2020,8377,11,0,11,1,5,6,12,5,17,2.03
CA0100400,FOWLER PD,FOWLER PD,City,CA,2020,6929,12,0,12,0,0,0,12,0,12,1.73
CA0100500,FRESNO PD,FRESNO PD,City,CA,2020,535472,698,60,758,90,178,268,788,238,1026,1.92
CA0100600,HURON PD,HURON PD,City,CA,2020,7343,4,0,4,2,2,4,6,2,8,1.09
CA0100700,KERMAN PD,KERMAN PD,City,CA,2020,15478,18,0,18,5,4,9,23,4,27,1.74
CA0100800,KINGSBURG PD,KINGSBURG PD,City,CA,2020,12182,17,0,17,1,3,4,18,3,21,1.72
CA0100900,MENDOTA POLICE DEPARTMENT,MENDOTA POLICE DEPARTMENT,City,CA,2020,11531,14,0,14,0,2,2,14,2,16,1.39
CA0101000,ORANGE COVE PD,ORANGE COVE PD,City,CA,2020,10334,9,0,9,1,1,2,10,1,11,1.06
CA0101100,PARLIER PD,PARLIER PD,City,CA,2020,15734,18,1,19,0,3,3,18,4,22,1.40
CA0101200,REEDLEY PD,REEDLEY PD,City,CA,2020,25800,27,2,29,3,13,16,30,15,45,1.74
CA0101300,SANGER PD,SANGER PD,City,CA,2020,25457,31,3,34,4,2,6,35,5,40,1.57
CA0101500,SELMA PD,SELMA PD,City,CA,2020,24982,30,3,33,2,9,11,32,12,44,1.76
CA0101700,ST CTR COMMUNITY COLLEGE DIST PD FRESNO,ST CTR COMMUNITY COLLEGE DIST PD FRESNO,University or College,CA,2020,0,19,1,20,1,5,6,20,6,26,
CA0109700,FRESNO STATE COLLEGE PD FRESNO,FRESNO STATE COLLEGE PD FRESNO,University or College,CA,2020,0,20,3,23,5,9,14,25,12,37,
CA010M15M,POLICE SERV COALINGA STATE HOSP MENTAL SERV,POLICE SERV COALINGA STATE HOSP MENTAL SERV,Other State Agency,CA,2020,0,214,8,222,31,10,41,245,18,263,
CA0110000,GLENN CO SO WILLOWS,GLENN CO SO WILLOWS,County,CA,2020,20260,27,11,38,4,22,26,31,33,64,3.16
CA0110100,ORLAND PD,ORLAND PD,City,CA,2020,7878,10,0,10,1,3,4,11,3,14,1.78
CA0120000,HUMBOLDT CO SO EUREKA,HUMBOLDT CO SO EUREKA,County,CA,2020,72108,167,16,183,38,49,87,205,65,270,3.74
CA0120100,ARCATA PD,ARCATA PD,City,CA,2020,18516,22,1,23,3,12,15,25,13,38,2.05
CA0120300,EUREKA PD,EUREKA PD,City,CA,2020,26656,42,3,45,4,22,26,46,25,71,2.66
CA0120400,FERNDALE PD,FERNDALE PD,City,CA,2020,1350,8,0,8,0,0,0,8,0,8,5.93
CA0120500,FORTUNA PD,FORTUNA PD,City,CA,2020,12283,17,0,17,1,6,7,18,6,24,1.95
CA0120700,RIO DELL PD,RIO DELL PD,City,CA,2020,3347,4,0,4,1,0,1,5,0,5,1.49
CA0120800,HUMBOLDT STATE UNIVERSITY PD ARCATA,HUMBOLDT STATE UNIVERSITY PD ARCATA,University or College,CA,2020,0,11,1,12,1,4,5,12,5,17,
CA0130000,IMPERIAL CO SO EL CENTRO,IMPERIAL CO SO EL CENTRO,County,CA,2020,35027,170,24,194,22,60,82,192,84,276,7.88
CA0130100,BRAWLEY PD,BRAWLEY PD,City,CA,2020,26363,24,2,26,2,12,14,26,14,40,1.52
CA0130200,CALEXICO PD,CALEXICO PD,City,CA,2020,39957,22,4,26,2,11,13,24,15,39,0.98
CA0130400,EL CENTRO PD,EL CENTRO PD,City,CA,2020,44238,42,4,46,1,16,17,43,20,63,1.42
CA0130600,IMPERIAL PD,IMPERIAL PD,City,CA,2020,18528,16,1,17,5,2,7,21,3,24,1.30
CA0130700,WESTMORLAND PD,WESTMORLAND PD,City,CA,2020,2256,3,0,3,0,0,0,3,0,3,1.33
CA0140000,INYO CO SO INDEPENDENCE,INYO CO SO INDEPENDENCE,County,CA,2020,14075,37,15,52,0,28,28,37,43,80,5.68
CA0140100,BISHOP PD,BISHOP PD,City,CA,2020,3733,11,2,13,0,6,6,11,8,19,5.09
CA0150000,KERN CO SO BAKERSFIELD,KERN CO SO BAKERSFIELD,County,CA,2020,329083,651,100,751,111,260,371,762,360,1122,3.41
CA0150100,ARVIN PD,ARVIN PD,City,CA,2020,22149,14,3,17,2,5,7,16,8,24,1.08
CA0150200,BAKERSFIELD PD,BAKERSFIELD PD,City,CA,2020,388265,360,30,390,43,155,198,403,185,588,1.51
CA0150300,DELANO PD,DELANO PD,City,CA,2020,53625,45,5,50,5,13,18,50,18,68,1.27
CA0150500,MCFARLAND PD,MCFARLAND PD,City,CA,2020,15858,9,0,9,2,3,5,11,3,14,0.88
CA0150600,RIDGECREST PD,RIDGECREST PD,City,CA,2020,29120,28,6,34,3,12,15,31,18,49,1.68
CA0150700,SHAFTER PD,SHAFTER PD,City,CA,2020,20799,25,4,29,3,9,12,28,13,41,1.97
CA0150800,TAFT PD,TAFT PD,City,CA,2020,9274,12,0,12,0,10,10,12,10,22,2.37
CA0150900,TEHACHAPI PD,TEHACHAPI PD,City,CA,2020,12873,15,3,18,2,7,9,17,10,27,2.10
CA0151100,CALIFORNIA CITY PD,CALIFORNIA CITY PD,City,CA,2020,14286,13,2,15,1,9,10,14,11,25,1.75
CA0151400,STALLION SPRINGS PD TECHACHAPI,STALLION SPRINGS PD TECHACHAPI,City,CA,2020,2488,4,0,4,0,0,0,4,0,4,1.61
CA0151500,BEAR VALLEY PD TECHACHAPI,BEAR VALLEY PD TECHACHAPI,City,CA,2020,121,5,0,5,0,1,1,5,1,6,49.59
CA0152100,,,Other,CA,2020,0,28,0,28,2,5,7,30,5,35,
CA0159700,CA ST UN: BAKERSFIELD,CA ST UN: BAKERSFIELD,University or College,CA,2020,0,11,1,12,3,8,11,14,9,23,
CA0160000,KINGS CO SO HANFORD,KINGS CO SO HANFORD,County,CA,2020,31397,82,87,169,7,116,123,89,203,292,9.30
CA0160100,CORCORAN PD,CORCORAN PD,City,CA,2020,21700,14,3,17,3,11,14,17,14,31,1.43
CA0160200,HANFORD PD,HANFORD PD,City,CA,2020,58075,55,2,57,5,24,29,60,26,86,1.48
CA0160300,LEMOORE PD,LEMOORE PD,City,CA,2020,26980,29,1,30,3,7,10,32,8,40,1.48
CA016070X,AVENAL,AVENAL,City,CA,2020,13321,11,0,11,6,2,8,17,2,19,1.43
CA0170000,LAKE CO SO LAKEPORT,LAKE CO SO LAKEPORT,County,CA,2020,43400,74,7,81,18,21,39,92,28,120,2.76
CA0170100,LAKEPORT PD,LAKEPORT PD,City,CA,2020,5035,9,0,9,2,1,3,11,1,12,2.38
CA0170200,CLEARLAKE PD,CLEARLAKE PD,City,CA,2020,15268,19,7,26,2,11,13,21,18,39,2.55
CA0180000,LASSEN CO SO SUSANVILLE,LASSEN CO SO SUSANVILLE,County,CA,2020,15094,42,7,49,11,21,32,53,28,81,5.37
CA0180100,SUSANVILLE PD,SUSANVILLE PD,City,CA,2020,14740,14,0,14,2,3,5,16,3,19,1.29
CA0190000,LOS ANGELES CO SO LOS ANGELES,LOS ANGELES CO SO LOS ANGELES,County,CA,2020,921671,8121,2558,10679,1812,3598,5410,9933,6156,16089,17.46
CA0190100,ALHAMBRA PD,ALHAMBRA PD,City,CA,2020,83817,72,7,79,9,36,45,81,43,124,1.48
CA0190200,ARCADIA PD,ARCADIA PD,City,CA,2020,58122,57,2,59,6,24,30,63,26,89,1.53
CA0190500,AZUSA PD,AZUSA PD,City,CA,2020,50373,48,5,53,5,22,27,53,27,80,1.59
CA0190600,BALDWIN PARK PD,BALDWIN PARK PD,City,CA,2020,75233,60,0,60,3,21,24,63,21,84,1.12
CA0190700,BELL PD,BELL PD,City,CA,2020,35526,25,4,29,5,7,12,30,11,41,1.15
CA0190900,BELL GARDENS PD,BELL GARDENS PD,City,CA,2020,42008,43,5,48,2,17,19,45,22,67,1.59
CA0190C00,EL CAMINO COLLEGE PD TORRANCE,EL CAMINO COLLEGE PD TORRANCE,University or College,CA,2020,0,10,2,12,1,5,6,11,7,18,
CA0190R00,PASADENA AREA COMM COLLEGE PD PASADENA,PASADENA AREA COMM COLLEGE PD PASADENA,University or College,CA,2020,0,9,1,10,0,4,4,9,5,14,
CA0191000,BEVERLY HILLS PD,BEVERLY HILLS PD,City,CA,2020,33776,120,27,147,14,65,79,134,92,226,6.69
CA0191200,BURBANK PD,BURBANK PD,City,CA,2020,102419,127,27,154,20,56,76,147,83,230,2.25
CA0191300,CLAREMONT PD,CLAREMONT PD,City,CA,2020,36422,31,6,37,7,18,25,38,24,62,1.70
CA0191600,COVINA PD,COVINA PD,City,CA,2020,47413,55,5,60,3,17,20,58,22,80,1.69
CA0191800,CULVER CITY PD,CULVER CITY PD,City,CA,2020,39218,101,18,119,9,16,25,110,34,144,3.67
CA0191N00,,,Other,CA,2020,0,7,3,10,1,3,4,8,6,14,
CA0192000,DOWNEY PD,DOWNEY PD,City,CA,2020,111054,99,7,106,17,37,54,116,44,160,1.44
CA0192200,EL MONTE PD,EL MONTE PD,City,CA,2020,115690,106,12,118,12,27,39,118,39,157,1.36
CA0192300,EL SEGUNDO PD,EL SEGUNDO PD,City,CA,2020,16605,50,6,56,3,14,17,53,20,73,4.40
CA0192400,GARDENA PD,GARDENA PD,City,CA,2020,59385,71,6,77,11,16,27,82,22,104,1.75
CA0192500,GLENDALE PD,GLENDALE PD,City,CA,2020,200168,203,42,245,22,87,109,225,129,354,1.77
CA0192600,GLENDORA PD,GLENDORA PD,City,CA,2020,51676,45,7,52,3,23,26,48,30,78,1.51
CA0192800,HAWTHORNE PD,HAWTHORNE PD,City,CA,2020,86269,83,14,97,9,31,40,92,45,137,1.59
CA0192900,HERMOSA BEACH PD,HERMOSA BEACH PD,City,CA,2020,19300,33,18,51,2,11,13,35,29,64,3.32
CA0193100,HUNTINGTON PARK PD,HUNTINGTON PARK PD,City,CA,2020,57442,50,14,64,4,14,18,54,28,82,1.43
CA0193300,INGLEWOOD PD,INGLEWOOD PD,City,CA,2020,107986,169,9,178,22,49,71,191,58,249,2.31
CA0193400,IRWINDALE PD,IRWINDALE PD,City,CA,2020,1449,26,0,26,1,7,8,27,7,34,23.46
CA0193800,LA VERNE PD,LA VERNE PD,City,CA,2020,32073,33,1,34,4,14,18,37,15,52,1.62
CA0194100,LONG BEACH PD,LONG BEACH PD,City,CA,2020,462654,718,140,858,91,225,316,809,365,1174,2.54
CA0194200,LOS ANGELES PD,LOS ANGELES PD,City,CA,2020,4000587,8067,1260,9327,1796,1740,3536,9863,3000,12863,3.22
CA0194400,MANHATTAN BEACH PD,MANHATTAN BEACH PD,City,CA,2020,35190,54,13,67,6,26,32,60,39,99,2.81
CA0194600,MONROVIA PD,MONROVIA PD,City,CA,2020,36302,39,3,42,5,24,29,44,27,71,1.96
CA0194700,MONTEBELLO PD,MONTEBELLO PD,City,CA,2020,61895,61,1,62,9,22,31,70,23,93,1.50
CA0194800,MONTEREY PARK PD,MONTEREY PARK PD,City,CA,2020,59609,62,9,71,13,22,35,75,31,106,1.78
CA0195100,PALOS VERDES ESTATES PD PALOS VERDES PENINSULA,PALOS VERDES ESTATES PD PALOS VERDES PENINSULA,City,CA,2020,13255,17,2,19,0,7,7,17,9,26,1.96
CA0195300,PASADENA PD,PASADENA PD,City,CA,2020,141473,201,46,247,32,79,111,233,125,358,2.53
CA0195500,POMONA PD,POMONA PD,City,CA,2020,151982,135,25,160,17,67,84,152,92,244,1.61
CA0195600,REDONDO BEACH PD,REDONDO BEACH PD,City,CA,2020,66729,76,12,88,9,46,55,85,58,143,2.14
CA0196100,SAN FERNANDO PD,SAN FERNANDO PD,City,CA,2020,24399,23,5,28,4,8,12,27,13,40,1.64
CA0196200,SAN GABRIEL PD,SAN GABRIEL PD,City,CA,2020,39927,47,2,49,4,11,15,51,13,64,1.60
CA0196300,SAN MARINO PD,SAN MARINO PD,City,CA,2020,13042,21,0,21,5,8,13,26,8,34,2.61
CA0196500,SANTA MONICA PD,SANTA MONICA PD,City,CA,2020,90474,191,84,275,21,77,98,212,161,373,4.12
CA0196600,SIERRA MADRE PD,SIERRA MADRE PD,City,CA,2020,10779,14,0,14,2,5,7,16,5,21,1.95
CA0196700,SIGNAL HILL PD,SIGNAL HILL PD,City,CA,2020,11467,27,0,27,5,12,17,32,12,44,3.84
CA0196900,SOUTH GATE PD,SOUTH GATE PD,City,CA,2020,93336,67,12,79,10,34,44,77,46,123,1.32
CA0197000,SOUTH PASADENA PD,SOUTH PASADENA PD,City,CA,2020,25299,32,4,36,2,12,14,34,16,50,1.98
CA0197200,TORRANCE PD,TORRANCE PD,City,CA,2020,143421,182,29,211,12,75,87,194,104,298,2.08
CA0197300,VERNON PD,VERNON PD,City,CA,2020,110,40,2,42,4,9,13,44,11,55,500.00
CA0197500,WEST COVINA PD,WEST COVINA PD,City,CA,2020,104989,86,7,93,4,36,40,90,43,133,1.27
CA0197600,WHITTIER PD,WHITTIER PD,City,CA,2020,85074,101,11,112,19,38,57,120,49,169,1.99
CA0197800,CALIFORNIA STATE POLYTECHNIC UNIV PD POMONA,CALIFORNIA STATE POLYTECHNIC UNIV PD POMONA,University or College,CA,2020,0,18,15,33,3,18,21,21,33,54,
CA0198100,CALIFORNIA STATE COLLEGE PD DOMINGUEZ HILLS,CALIFORNIA STATE COLLEGE PD DOMINGUEZ HILLS,University or College,CA,2020,0,19,4,23,0,5,5,19,9,28,
CA0198200,CALIFORNIA STATE UNIVE PD LONG BEACH,CALIFORNIA STATE UNIVE PD LONG BEACH,University or College,CA,2020,0,19,5,24,3,8,11,22,13,35,
CA0198300,CALIFORNIA STATE UNIV PD LOS ANGELES,CALIFORNIA STATE UNIV PD LOS ANGELES,University or College,CA,2020,0,14,8,22,3,7,10,17,15,32,
CA0198400,CALIFORNIA STATE UNIV PD NORTHRIDGE,CALIFORNIA STATE UNIV PD NORTHRIDGE,University or College,CA,2020,0,18,7,25,1,10,11,19,17,36,
CA0199700,UNIV OF CALIFORNIA PD,UNIV OF CALIFORNIA PD,University or College,CA,2020,0,50,15,65,9,22,31,59,37,96,
CA019A900,,,Other State Agency,CA,2020,0,111,4,115,20,8,28,131,12,143,
CA0200000,MADERA CO SO MADERA,MADERA CO SO MADERA,County,CA,2020,71837,85,3,88,6,30,36,91,33,124,1.73
CA0200100,CHOWCHILLA PD,CHOWCHILLA PD,City,CA,2020,18278,17,2,19,3,8,11,20,10,30,1.64
CA0200200,MADERA PD,MADERA PD,City,CA,2020,66351,61,7,68,8,21,29,69,28,97,1.46
CA0210000,MARIN CO SO SAN RAFAEL,MARIN CO SO SAN RAFAEL,County,CA,2020,65298,155,31,186,41,70,111,196,101,297,4.55
CA0210100,BELVEDERE PD,BELVEDERE PD,City,CA,2020,2107,6,0,6,0,0,0,6,0,6,2.85
CA0210300,FAIRFAX PD,FAIRFAX PD,City,CA,2020,7530,11,5,16,0,0,0,11,5,16,2.12
CA0210500,MILL VALLEY PD,MILL VALLEY PD,City,CA,2020,14297,18,1,19,2,5,7,20,6,26,1.82
CA0210600,NOVATO PD,NOVATO PD,City,CA,2020,55926,47,2,49,7,19,26,54,21,75,1.34
CA0210700,ROSS PD,ROSS PD,City,CA,2020,2454,8,0,8,0,0,0,8,0,8,3.26
CA0210900,SAN RAFAEL PD,SAN RAFAEL PD,City,CA,2020,58512,51,5,56,13,20,33,64,25,89,1.52
CA0211000,SAUSALITO PD,SAUSALITO PD,City,CA,2020,7080,16,0,16,3,6,9,19,6,25,3.53
CA0211100,TIBURON PD,TIBURON PD,City,CA,2020,9098,13,1,14,0,3,3,13,4,17,1.87
CA0211300,MARIN COMM COLL DIST PD KENTFIELD,MARIN COMM COLL DIST PD KENTFIELD,University or College,CA,2020,0,4,1,5,0,1,1,4,2,6,
CA0211700,CENTRAL MARIN,CENTRAL MARIN,City,CA,2020,34593,33,0,33,7,4,11,40,4,44,1.27
CA0220000,MARIPOSA CO SO MARIPOSA,MARIPOSA CO SO MARIPOSA,County,CA,2020,16917,45,3,48,14,12,26,59,15,74,4.37
CA0230000,MENDOCINO CO SO UKIAH,MENDOCINO CO SO UKIAH,County,CA,2020,57598,100,11,111,17,35,52,117,46,163,2.83
CA0230100,FORT BRAGG PD,FORT BRAGG PD,City,CA,2020,7289,13,1,14,1,4,5,14,5,19,2.61
CA0230300,UKIAH PD,UKIAH PD,City,CA,2020,15992,26,5,31,1,11,12,27,16,43,2.69
CA0230400,WILLITS PD,WILLITS PD,City,CA,2020,4887,8,1,9,0,3,3,8,4,12,2.46
CA0240000,MERCED CO SO MERCED,MERCED CO SO MERCED,County,CA,2020,95142,105,70,175,10,82,92,115,152,267,2.81
CA0240100,ATWATER PD,ATWATER PD,City,CA,2020,29704,23,4,27,0,6,6,23,10,33,1.11
CA0240200,DOS PALOS PD,DOS PALOS PD,City,CA,2020,5594,10,1,11,1,4,5,11,5,16,2.86
CA0240300,GUSTINE PD,GUSTINE PD,City,CA,2020,5922,6,0,6,1,2,3,7,2,9,1.52
CA0240400,LIVINGSTON PD,LIVINGSTON PD,City,CA,2020,15115,16,0,16,0,9,9,16,9,25,1.65
CA0240500,LOS BANOS PD,LOS BANOS PD,City,CA,2020,41631,39,6,45,4,22,26,43,28,71,1.71
CA0240600,MERCED PD,MERCED PD,City,CA,2020,84197,87,10,97,7,28,35,94,38,132,1.57
CA0241200,UNIV OF CA MERCED POLICE DEPARTMENT,UNIV OF CA MERCED POLICE DEPARTMENT,University or College,CA,2020,0,14,6,20,4,7,11,18,13,31,
CA0250000,MODOC CO SO ALTURAS,MODOC CO SO ALTURAS,County,CA,2020,6128,20,1,21,3,7,10,23,8,31,5.06
CA0250100,ALTURAS PD,ALTURAS PD,City,CA,2020,2535,8,0,8,0,0,0,8,0,8,3.16
CA0260000,MONO CO SO BRIDGEPORT,MONO CO SO BRIDGEPORT,County,CA,2020,6085,20,12,32,3,9,12,23,21,44,7.23
CA0260100,MAMMOTH LAKES PD MAMMOTH LAKES,MAMMOTH LAKES PD MAMMOTH LAKES,City,CA,2020,8236,14,1,15,1,3,4,15,4,19,2.31
CA0270000,MONTEREY CO SO SALINAS,MONTEREY CO SO SALINAS,County,CA,2020,103024,268,45,313,44,91,135,312,136,448,4.35
CA0270100,CARMEL PD,CARMEL PD,City,CA,2020,3825,12,0,12,2,7,9,14,7,21,5.49
CA0270200,DEL REY OAKS PD,DEL REY OAKS PD,City,CA,2020,1657,10,0,10,0,0,0,10,0,10,6.04
CA0270300,GONZALES PD,GONZALES PD,City,CA,2020,8321,9,1,10,1,2,3,10,3,13,1.56
CA0270400,GREENFIELD PD,GREENFIELD PD,City,CA,2020,17643,23,0,23,1,6,7,24,6,30,1.70
CA0270500,KING CITY PD,KING CITY PD,City,CA,2020,14214,15,0,15,1,2,3,16,2,18,1.27
CA0270600,MONTEREY PD,MONTEREY PD,City,CA,2020,28209,42,7,49,6,10,16,48,17,65,2.30
CA0270700,PACIFIC GROVE PD,PACIFIC GROVE PD,City,CA,2020,15451,15,3,18,6,8,14,21,11,32,2.07
CA0270800,SALINAS PD,SALINAS PD,City,CA,2020,155984,135,13,148,15,37,52,150,50,200,1.28
CA0270900,SAND CITY PD,SAND CITY PD,City,CA,2020,407,10,0,10,0,1,1,10,1,11,27.03
CA0271000,SEASIDE PD,SEASIDE PD,City,CA,2020,33822,29,3,32,3,9,12,32,12,44,1.30
CA0271100,SOLEDAD PD,SOLEDAD PD,City,CA,2020,26000,15,1,16,2,3,5,17,4,21,0.81
CA0271200,MARINA PD,MARINA PD,City,CA,2020,23147,26,0,26,2,8,10,28,8,36,1.56
CA0271900,CALIFORNIA STATE UNIVERSITY MONTEREY BAY PD,CALIFORNIA STATE UNIVERSITY MONTEREY BAY PD,University or College,CA,2020,0,10,2,12,5,8,13,15,10,25,
CA0280000,NAPA CO SO NAPA,NAPA CO SO NAPA,County,CA,2020,23308,100,10,110,8,23,31,108,33,141,6.05
CA0280100,CALISTOGA PD,CALISTOGA PD,City,CA,2020,5255,8,0,8,3,5,8,11,5,16,3.04
CA0280200,NAPA PD,NAPA PD,City,CA,2020,78237,63,5,68,6,38,44,69,43,112,1.43
CA0280300,SAINT HELENA PD,SAINT HELENA PD,City,CA,2020,6134,9,0,9,2,6,8,11,6,17,2.77
CA0280800,NAPA STATE HOSPITAL POLICE DEPARTMENT,NAPA STATE HOSPITAL POLICE DEPARTMENT,Other State Agency,CA,2020,0,113,5,118,9,8,17,122,13,135,
CA0290000,NEVADA CO SO NEVADA CITY,NEVADA CO SO NEVADA CITY,County,CA,2020,66095,57,43,100,5,47,52,62,90,152,2.30
CA0290100,GRASS VALLEY PD,GRASS VALLEY PD,City,CA,2020,12811,24,2,26,2,4,6,26,6,32,2.50
CA0290200,NEVADA CITY PD,NEVADA CITY PD,City,CA,2020,3156,8,0,8,0,2,2,8,2,10,3.17
CA0290800,TRUCKEE POLICE DEPARTMENT,TRUCKEE POLICE DEPARTMENT,City,CA,2020,16800,24,3,27,1,12,13,25,15,40,2.38
CA0300000,ORANGE CO SO SANTA ANA,ORANGE CO SO SANTA ANA,County,CA,2020,106161,1642,869,2511,237,896,1133,1879,1765,3644,34.33
CA0300100,ANAHEIM PD,ANAHEIM PD,City,CA,2020,351913,367,30,397,35,124,159,402,154,556,1.58
CA0300200,BREA PD,BREA PD,City,CA,2020,43705,53,8,61,4,35,39,57,43,100,2.29
CA0300300,BUENA PARK PD,BUENA PARK PD,City,CA,2020,81901,77,11,88,10,32,42,87,43,130,1.59
CA0300400,COSTA MESA PD,COSTA MESA PD,City,CA,2020,113317,116,11,127,13,50,63,129,61,190,1.68
CA0300500,CYPRESS PD,CYPRESS PD,City,CA,2020,49124,42,4,46,3,11,14,45,15,60,1.22
CA0300600,LA PALMA PD,LA PALMA PD,City,CA,2020,15415,17,1,18,2,6,8,19,7,26,1.69
CA0300700,FOUNTAIN VALLEY PD,FOUNTAIN VALLEY PD,City,CA,2020,55345,48,3,51,10,16,26,58,19,77,1.39
CA0300800,FULLERTON PD,FULLERTON PD,City,CA,2020,139011,107,12,119,14,48,62,121,60,181,1.30
CA0300900,GARDEN GROVE PD,GARDEN GROVE PD,City,CA,2020,171698,162,12,174,9,53,62,171,65,236,1.37
CA0301000,HUNTINGTON BEACH PD,HUNTINGTON BEACH PD,City,CA,2020,200128,181,38,219,18,84,102,199,122,321,1.60
CA0301100,LAGUNA BEACH PD,LAGUNA BEACH PD,City,CA,2020,22834,43,14,57,11,30,41,54,44,98,4.29
CA0301200,LA HABRA PD,LA HABRA PD,City,CA,2020,60672,60,9,69,8,21,29,68,30,98,1.62
CA0301300,LOS ALAMITOS PD,LOS ALAMITOS PD,City,CA,2020,11400,18,0,18,1,4,5,19,4,23,2.02
CA0301400,NEWPORT BEACH PD,NEWPORT BEACH PD,City,CA,2020,84448,124,30,154,13,50,63,137,80,217,2.57
CA0301500,ORANGE PD,ORANGE PD,City,CA,2020,138846,138,25,163,12,43,55,150,68,218,1.57
CA0301600,PLACENTIA PD,PLACENTIA PD,City,CA,2020,51260,44,10,54,4,10,14,48,20,68,1.33
CA0301900,SANTA ANA PD,SANTA ANA PD,City,CA,2020,333107,332,89,421,34,139,173,366,228,594,1.78
CA0302000,SEAL BEACH PD,SEAL BEACH PD,City,CA,2020,23873,33,9,42,4,6,10,37,15,52,2.18
CA0302200,TUSTIN PD,TUSTIN PD,City,CA,2020,79795,78,14,92,12,37,49,90,51,141,1.77
CA0302400,WESTMINSTER PD,WESTMINSTER PD,City,CA,2020,90741,78,1,79,11,33,44,89,34,123,1.36
CA0302600,IRVINE PD,IRVINE PD,City,CA,2020,297069,179,32,211,39,69,108,218,101,319,1.07
CA0302700,CALIFORNIA STATE UNIV PD FULLERTON,CALIFORNIA STATE UNIV PD FULLERTON,University or College,CA,2020,0,18,1,19,6,12,18,24,13,37,
CA0309600,,,University or College,CA,2020,0,9,1,10,0,4,4,9,5,14,
CA0309700,UNIVERSITY OF CALIFORNIA PD IRVINE,UNIVERSITY OF CALIFORNIA PD IRVINE,University or College,CA,2020,0,38,32,70,9,28,37,47,60,107,
CA0310000,PLACER CO SO AUBURN,PLACER CO SO AUBURN,County,CA,2020,122516,228,120,348,23,172,195,251,292,543,4.43
CA0310100,AUBURN PD,AUBURN PD,City,CA,2020,14293,18,1,19,2,6,8,20,7,27,1.89
CA0310300,LINCOLN PD,LINCOLN PD,City,CA,2020,48887,22,2,24,2,6,8,24,8,32,0.65
CA0310400,ROCKLIN PD,ROCKLIN PD,City,CA,2020,70219,55,2,57,5,22,27,60,24,84,1.20
CA0310500,ROSEVILLE PD,ROSEVILLE PD,City,CA,2020,144128,125,12,137,11,48,59,136,60,196,1.36
CA0320000,PLUMAS CO SO QUINCY,PLUMAS CO SO QUINCY,County,CA,2020,18502,31,13,44,2,14,16,33,27,60,3.24
CA0330000,RIVERSIDE CO SO RIVERSIDE,RIVERSIDE CO SO RIVERSIDE,County,CA,2020,378585,1592,980,2572,187,1008,1195,1779,1988,3767,9.95
CA0330100,BANNING PD,BANNING PD,City,CA,2020,31392,23,2,25,3,14,17,26,16,42,1.34
CA0330200,BEAUMONT PD,BEAUMONT PD,City,CA,2020,52884,37,3,40,4,12,16,41,15,56,1.06
CA0330300,BLYTHE PD,BLYTHE PD,City,CA,2020,19590,19,5,24,1,5,6,20,10,30,1.53
CA0330600,DESERT HOT SPRINGS POLICE DEPARTMENT,DESERT HOT SPRINGS POLICE DEPARTMENT,City,CA,2020,29074,23,1,24,3,6,9,26,7,33,1.14
CA0330800,HEMET PD,HEMET PD,City,CA,2020,86058,67,10,77,3,24,27,70,34,104,1.21
CA0330900,INDIO PD,INDIO PD,City,CA,2020,93219,65,13,78,5,29,34,70,42,112,1.20
CA0331100,PALM SPRINGS PD,PALM SPRINGS PD,City,CA,2020,48952,85,22,107,12,28,40,97,50,147,3.00
CA0331300,RIVERSIDE PD,RIVERSIDE PD,City,CA,2020,334370,334,23,357,45,120,165,379,143,522,1.56
CA0331500,CORONA PD,CORONA PD,City,CA,2020,171848,126,15,141,16,52,68,142,67,209,1.22
CA0332500,CATHEDRAL CITY PD,CATHEDRAL CITY PD,City,CA,2020,55417,42,5,47,5,15,20,47,20,67,1.21
CA0334200,MURRIETA POLICE DEPARTMENT MURRIETA,MURRIETA POLICE DEPARTMENT MURRIETA,City,CA,2020,117639,92,2,94,8,49,57,100,51,151,1.28
CA0334400,RIVERSIDE COMM COLL DEPT SAFETY & POLICE,RIVERSIDE COMM COLL DEPT SAFETY & POLICE,University or College,CA,2020,0,15,2,17,3,4,7,18,6,24,
CA0339700,UNIVERSITY OF CALIFORNIA PD RIVERSIDE,UNIVERSITY OF CALIFORNIA PD RIVERSIDE,University or College,CA,2020,0,28,4,32,3,5,8,31,9,40,
CA0340000,SACRAMENTO CO SO SACRAMENTO,SACRAMENTO CO SO SACRAMENTO,County,CA,2020,580462,1112,224,1336,221,411,632,1333,635,1968,3.39
CA0340100,FOLSOM PD,FOLSOM PD,City,CA,2020,82427,67,0,67,8,27,35,75,27,102,1.24
CA0340200,GALT PD,GALT PD,City,CA,2020,26867,27,2,29,4,11,15,31,13,44,1.64
CA0340400,SACRAMENTO PD,SACRAMENTO PD,City,CA,2020,519050,576,94,670,108,234,342,684,328,1012,1.95
CA0340800,CALIFORNIA STATE UNIVERSITY PD SACRAMENTO,CALIFORNIA STATE UNIVERSITY PD SACRAMENTO,University or College,CA,2020,0,17,11,28,2,12,14,19,23,42,
CA0340H00,ELK GROVE POLICE DEPARTMENT,ELK GROVE POLICE DEPARTMENT,City,CA,2020,177331,113,28,141,22,79,101,135,107,242,1.36
CA0341400,TWIN RIVERS DISTRICT POLICE DEPARTMENT,TWIN RIVERS DISTRICT POLICE DEPARTMENT,Other,CA,2020,0,13,0,13,3,5,8,16,5,21,
CA0342000,CA STATE FAIR PD SACRAMENTO,CA STATE FAIR PD SACRAMENTO,Other State Agency,CA,2020,0,2,0,2,0,1,1,2,1,3,
CA0342200,CA DEPT OF PARKS RECREATION CAPITAL,CA DEPT OF PARKS RECREATION CAPITAL,Other State Agency,CA,2020,0,428,29,457,88,24,112,516,53,569,
CA0349600,CITY POLICE DEPARTMENT CITRUS HEIGHTS,CITY POLICE DEPARTMENT CITRUS HEIGHTS,City,CA,2020,88314,71,9,80,12,38,50,83,47,130,1.47
CA0349900,CHP HEADQUARTERS SACRAMENTO,CHP HEADQUARTERS SACRAMENTO,State Police,CA,2020,0,6574,1328,7902,427,1875,2302,7001,3203,10204,
CA0350000,SAN BENITO CO SO HOLLISTER,SAN BENITO CO SO HOLLISTER,County,CA,2020,21600,25,15,40,0,18,18,25,33,58,2.69
CA0350100,HOLLISTER PD,HOLLISTER PD,City,CA,2020,41438,27,0,27,4,8,12,31,8,39,0.94
CA0360000,SAN BERNARDINO CO SO SAN BERNARDINO,SAN BERNARDINO CO SO SAN BERNARDINO,County,CA,2020,287413,1688,332,2020,297,1087,1384,1985,1419,3404,11.84
CA0360100,BARSTOW PD,BARSTOW PD,City,CA,2020,24041,39,0,39,2,17,19,41,17,58,2.41
CA0360200,CHINO PD,CHINO PD,City,CA,2020,96309,101,3,104,13,48,61,114,51,165,1.71
CA0360300,COLTON PD,COLTON PD,City,CA,2020,55117,45,4,49,7,20,27,52,24,76,1.38
CA0360400,FONTANA PD,FONTANA PD,City,CA,2020,216553,170,13,183,16,98,114,186,111,297,1.37
CA0360500,MONTCLAIR PD,MONTCLAIR PD,City,CA,2020,40473,33,7,40,3,18,21,36,25,61,1.51
CA0360700,ONTARIO PD,ONTARIO PD,City,CA,2020,187464,235,11,246,23,68,91,258,79,337,1.80
CA0360800,REDLANDS PD,REDLANDS PD,City,CA,2020,71820,77,5,82,7,28,35,84,33,117,1.63
CA0360900,RIALTO PD,RIALTO PD,City,CA,2020,104004,93,3,96,13,32,45,106,35,141,1.36
CA0361000,SAN BERNARDINO PD,SAN BERNARDINO PD,City,CA,2020,216365,210,17,227,29,78,107,239,95,334,1.54
CA0361100,UPLAND PD,UPLAND PD,City,CA,2020,77511,64,2,66,7,29,36,71,31,102,1.32
CA0361400,CA STATE U POLICE SAN BERNARDINO,CA STATE U POLICE SAN BERNARDINO,University or College,CA,2020,0,14,2,16,5,9,14,19,11,30,
CA0362300,SAN BERNARDINO CITY UNIFIED SCHOOL DIST PD,SAN BERNARDINO CITY UNIFIED SCHOOL DIST PD,Other,CA,2020,0,22,38,60,3,22,25,25,60,85,
CA0362600,,,University or College,CA,2020,0,11,0,11,2,2,4,13,2,15,
CA0363900,SAN BERNARDINO COMM COLL,SAN BERNARDINO COMM COLL,University or College,CA,2020,0,7,2,9,3,5,8,10,7,17,
CA0365000,FONTANA UNIFIED SCH DIST,FONTANA UNIFIED SCH DIST,Other,CA,2020,0,12,37,49,3,21,24,15,58,73,
CA0365700,PATTON STATE HOSPITAL POLICE DEPARTMENT,PATTON STATE HOSPITAL POLICE DEPARTMENT,Other State Agency,CA,2020,0,76,6,82,21,11,32,97,17,114,
CA0370000,SAN DIEGO CO SO SAN DIEGO,SAN DIEGO CO SO SAN DIEGO,County,CA,2020,478478,2089,574,2663,493,1024,1517,2582,1598,4180,8.74
CA0370100,CARLSBAD PD,CARLSBAD PD,City,CA,2020,116516,116,8,124,12,44,56,128,52,180,1.54
CA0370200,CHULA VISTA PD,CHULA VISTA PD,City,CA,2020,278027,197,23,220,46,76,122,243,99,342,1.23
CA0370300,CORONADO PD,CORONADO PD,City,CA,2020,23750,38,5,43,9,18,27,47,23,70,2.95
CA0370500,EL CAJON PD,EL CAJON PD,City,CA,2020,103035,110,10,120,10,46,56,120,56,176,1.71
CA0370600,ESCONDIDO PD,ESCONDIDO PD,City,CA,2020,152446,140,7,147,11,50,61,151,57,208,1.36
CA0370800,LA MESA PD,LA MESA PD,City,CA,2020,59488,57,5,62,9,21,30,66,26,92,1.55
CA0370900,NATIONAL CITY PD,NATIONAL CITY PD,City,CA,2020,61710,75,4,79,7,28,35,82,32,114,1.85
CA0371000,OCEANSIDE PD,OCEANSIDE PD,City,CA,2020,176616,187,15,202,21,76,97,208,91,299,1.69
CA0371100,SAN DIEGO PD,SAN DIEGO PD,City,CA,2020,1437608,1540,228,1768,306,350,656,1846,578,2424,1.69
CA0371400,CALIFORNIA STATE UNIV PD SAN DIEGO,CALIFORNIA STATE UNIV PD SAN DIEGO,University or College,CA,2020,0,23,6,29,4,19,23,27,25,52,
CA0371500,SAN DIEGO UNIFIED PORT DIST HARBOR PD SAN DIEGO,SAN DIEGO UNIFIED PORT DIST HARBOR PD SAN DIEGO,Other,CA,2020,0,116,9,125,16,20,36,132,29,161,
CA0373200,CA STATE UNIVERSITY SAN MARCOS,CA STATE UNIVERSITY SAN MARCOS,University or College,CA,2020,0,13,1,14,2,6,8,15,7,22,
CA0379700,UNIV OF CALIFORNIA PD LAJOLLA,UNIV OF CALIFORNIA PD LAJOLLA,University or College,CA,2020,0,34,23,57,2,16,18,36,39,75,
CA0380000,SAN FRANCISCO CO SO,SAN FRANCISCO CO SO,County,CA,2020,0,728,88,816,119,104,223,847,192,1039,
CA0380100,SAN FRANCISCO PD,SAN FRANCISCO PD,City,CA,2020,881514,1901,388,2289,338,365,703,2239,753,2992,3.39
CA0380300,SAN FRAN STATE UNIV PD SAN FRAN,SAN FRAN STATE UNIV PD SAN FRAN,University or College,CA,2020,0,19,15,34,2,9,11,21,24,45,
CA0389700,UNIV OF CA MEDICAL CENTER PD SAN FRANCISCO,UNIV OF CA MEDICAL CENTER PD SAN FRANCISCO,University or College,CA,2020,0,48,71,119,4,24,28,52,95,147,
CA0390000,SAN JOAQUIN CO SHERIFF'S OFFICE,SAN JOAQUIN CO SHERIFF'S OFFICE,County,CA,2020,174825,268,234,502,22,209,231,290,443,733,4.19
CA0390100,ESCALON PD,ESCALON PD,City,CA,2020,7625,12,0,12,0,1,1,12,1,13,1.70
CA0390200,LODI PD,LODI PD,City,CA,2020,68207,64,3,67,7,26,33,71,29,100,1.47
CA0390300,MANTECA PD,MANTECA PD,City,CA,2020,84929,72,5,77,1,23,24,73,28,101,1.19
CA0390400,RIPON PD,RIPON PD,City,CA,2020,16616,21,1,22,1,9,10,22,10,32,1.93
CA0390500,STOCKTON PD,STOCKTON PD,City,CA,2020,314981,412,55,467,56,140,196,468,195,663,2.10
CA0390600,TRACY PD,TRACY PD,City,CA,2020,96067,86,6,92,6,44,50,92,50,142,1.48
CA0391500,STOCKTON UNIFIED SCHOOL DIST PD STOCKTON,STOCKTON UNIFIED SCHOOL DIST PD STOCKTON,Other,CA,2020,0,25,3,28,8,10,18,33,13,46,
CA0400000,SAN LUIS OBISPO CO SO SAN LUIS OBISPO,SAN LUIS OBISPO CO SO SAN LUIS OBISPO,County,CA,2020,121014,270,25,295,33,93,126,303,118,421,3.48
CA0400100,ARROYO GRANDE PD,ARROYO GRANDE PD,City,CA,2020,18054,21,0,21,1,3,4,22,3,25,1.38
CA0400200,GROVER BEACH POLICE DEPARTMENT,GROVER BEACH POLICE DEPARTMENT,City,CA,2020,13491,15,2,17,4,5,9,19,7,26,1.93
CA0400300,MORRO BAY PD,MORRO BAY PD,City,CA,2020,10577,15,0,15,2,2,4,17,2,19,1.80
CA0400400,PASO ROBLES PD,PASO ROBLES PD,City,CA,2020,32428,33,1,34,2,14,16,35,15,50,1.54
CA0400500,PISMO BEACH PD,PISMO BEACH PD,City,CA,2020,8226,16,0,16,3,12,15,19,12,31,3.77
CA0400600,SAN LUIS OBISPO PD,SAN LUIS OBISPO PD,City,CA,2020,47722,50,4,54,9,21,30,59,25,84,1.76
CA0400700,CA STATE POLYTECHNIC UNIV PD SAN LUIS OBISPO,CA STATE POLYTECHNIC UNIV PD SAN LUIS OBISPO,University or College,CA,2020,0,15,1,16,3,4,7,18,5,23,
CA0400800,ATASCADERO PD,ATASCADERO PD,City,CA,2020,30266,25,3,28,3,7,10,28,10,38,1.26
CA040160X,ATASCADERO STATE HOSPITAL ATASCADERO,ATASCADERO STATE HOSPITAL ATASCADERO,Other State Agency,CA,2020,0,140,0,140,26,13,39,166,13,179,
CA0401900,CUESTA COLLEGE POLICE DEPARTMENT,CUESTA COLLEGE POLICE DEPARTMENT,University or College,CA,2020,0,4,1,5,1,1,2,5,2,7,
CA0410000,SAN MATEO CO SO REDWOOD CITY,SAN MATEO CO SO REDWOOD CITY,County,CA,2020,129307,291,228,519,28,177,205,319,405,724,5.60
CA0410100,ATHERTON PD,ATHERTON PD,City,CA,2020,7162,18,0,18,2,8,10,20,8,28,3.91
CA0410200,BELMONT,BELMONT,City,CA,2020,27063,30,4,34,2,8,10,32,12,44,1.63
CA0410300,BRISBANE PD,BRISBANE PD,City,CA,2020,4716,12,0,12,2,3,5,14,3,17,3.60
CA0410400,BURLINGAME PD,BURLINGAME PD,City,CA,2020,31126,32,6,38,7,14,21,39,20,59,1.90
CA0410500,COLMA PD,COLMA PD,City,CA,2020,1495,16,0,16,2,6,8,18,6,24,16.05
CA0410600,DALY CITY PD,DALY CITY PD,City,CA,2020,106855,90,12,102,8,17,25,98,29,127,1.19
CA0410800,HILLSBOROUGH PD,HILLSBOROUGH PD,City,CA,2020,11447,22,2,24,4,7,11,26,9,35,3.06
CA0410900,MENLO PARK PD,MENLO PARK PD,City,CA,2020,35002,39,3,42,3,12,15,42,15,57,1.63
CA0411100,PACIFICA PD,PACIFICA PD,City,CA,2020,38677,28,0,28,3,3,6,31,3,34,0.88
CA0411300,REDWOOD CITY PD,REDWOOD CITY PD,City,CA,2020,86983,76,4,80,8,28,36,84,32,116,1.33
CA0411400,SAN BRUNO PD,SAN BRUNO PD,City,CA,2020,42997,38,0,38,4,15,19,42,15,57,1.33
CA0411600,SAN MATEO PD,SAN MATEO PD,City,CA,2020,105246,85,10,95,23,33,56,108,43,151,1.43
CA0411700,SOUTH SAN FRANCISCO PD,SOUTH SAN FRANCISCO PD,City,CA,2020,68260,72,7,79,7,23,30,79,30,109,1.60
CA0411900,BROADMOOR PD,BROADMOOR PD,City,CA,2020,4176,5,0,5,2,1,3,7,1,8,1.92
CA0412000,FOSTER CITY POLICE DEPARTMENT,FOSTER CITY POLICE DEPARTMENT,City,CA,2020,34291,31,4,35,6,11,17,37,15,52,1.52
CA0412700,EAST PALO ALTO PD,EAST PALO ALTO PD,City,CA,2020,29439,32,1,33,5,7,12,37,8,45,1.53
CA0420000,SANTA BARBARA CO SO SANTA BARBARA,SANTA BARBARA CO SO SANTA BARBARA,County,CA,2020,138470,430,65,495,59,135,194,489,200,689,4.98
CA0420100,GUADALUPE PD,GUADALUPE PD,City,CA,2020,7865,12,0,12,1,2,3,13,2,15,1.91
CA0420200,LOMPOC PD,LOMPOC PD,City,CA,2020,42915,34,9,43,1,16,17,35,25,60,1.40
CA0420300,SANTA BARBARA PD,SANTA BARBARA PD,City,CA,2020,91692,105,19,124,26,49,75,131,68,199,2.17
CA0420400,SANTA MARIA PD,SANTA MARIA PD,City,CA,2020,108140,124,5,129,9,43,52,133,48,181,1.67
CA0421100,ALLAN HANCOCK COLLEGE POLICE DEPT SANTA MARIA,ALLAN HANCOCK COLLEGE POLICE DEPT SANTA MARIA,University or College,CA,2020,0,5,3,8,1,3,4,6,6,12,
CA0429700,UNIVERSITY OF CALIFORNIA PD SANTA BARBARA,UNIVERSITY OF CALIFORNIA PD SANTA BARBARA,University or College,CA,2020,0,28,9,37,8,10,18,36,19,55,
CA0430000,SANTA CLARA CO SO SAN JOSE,SANTA CLARA CO SO SAN JOSE,County,CA,2020,62573,1059,143,1202,227,248,475,1286,391,1677,26.80
CA0430200,CAMPBELL,CAMPBELL,City,CA,2020,41921,38,6,44,4,25,29,42,31,73,1.74
CA0430400,GILROY PD,GILROY PD,City,CA,2020,60269,52,7,59,8,23,31,60,30,90,1.49
CA0430500,LOS ALTOS PD,LOS ALTOS PD,City,CA,2020,30203,25,2,27,7,11,18,32,13,45,1.49
CA0430700,LOS GATOS PD,LOS GATOS PD,City,CA,2020,30271,33,3,36,6,17,23,39,20,59,1.95
CA0430800,MILPITAS PD,MILPITAS PD,City,CA,2020,86416,68,11,79,14,28,42,82,39,121,1.40
CA0431000,MORGAN HILL PD,MORGAN HILL PD,City,CA,2020,46925,33,5,38,5,15,20,38,20,58,1.24
CA0431100,MOUNTAIN VIEW PD,MOUNTAIN VIEW PD,City,CA,2020,83745,78,11,89,10,33,43,88,44,132,1.58
CA0431200,PALO ALTO PD,PALO ALTO PD,City,CA,2020,65459,71,16,87,9,27,36,80,43,123,1.88
CA0431300,SAN JOSE PD,SAN JOSE PD,City,CA,2020,1029542,1032,135,1167,138,326,464,1170,461,1631,1.58
CA0431400,SANTA CLARA PD,SANTA CLARA PD,City,CA,2020,131976,131,17,148,14,54,68,145,71,216,1.64
CA0431600,SUNNYVALE PD,SUNNYVALE PD,City,CA,2020,154133,197,21,218,20,51,71,217,72,289,1.88
CA0431700,CALIFORNIA STATE UNIV PD SAN JOSE,CALIFORNIA STATE UNIV PD SAN JOSE,University or College,CA,2020,0,18,22,40,7,18,25,25,40,65,
CA0432000,SANTA CLARA COUNTY FIRE DEPT ARSON EXPLOSIVE UN,SANTA CLARA COUNTY FIRE DEPT ARSON EXPLOSIVE UN,University or College,CA,2020,0,5,7,12,1,6,7,6,13,19,
CA043210X,WEST VALLEY COMMUNITY COLLEGE POLICE DEPT,WEST VALLEY COMMUNITY COLLEGE POLICE DEPT,University or College,CA,2020,0,9,3,12,0,3,3,9,6,15,
CA0432700,DPS FOOTHILL-DEANZA CC DIST LOS ALTOS HILLS,DPS FOOTHILL-DEANZA CC DIST LOS ALTOS HILLS,University or College,CA,2020,0,10,3,13,0,1,1,10,4,14,
CA0440000,SANTA CRUZ CO SO SANTA CRUZ,SANTA CRUZ CO SO SANTA CRUZ,County,CA,2020,130587,129,87,216,25,94,119,154,181,335,2.57
CA0440100,CAPITOLA PD,CAPITOLA PD,City,CA,2020,10020,19,4,23,2,2,4,21,6,27,2.69
CA0440200,SANTA CRUZ PD,SANTA CRUZ PD,City,CA,2020,65073,75,13,88,8,19,27,83,32,115,1.77
CA0440300,WATSONVILLE PD,WATSONVILLE PD,City,CA,2020,54151,64,3,67,5,15,20,69,18,87,1.61
CA0440400,SCOTTS VALLEY PD,SCOTTS VALLEY PD,City,CA,2020,11777,15,0,15,2,7,9,17,7,24,2.04
CA0449700,UNIVERSITY OF CALIFORNIA PD SANTA CRUZ,UNIVERSITY OF CALIFORNIA PD SANTA CRUZ,University or College,CA,2020,0,19,5,24,5,13,18,24,18,42,
CA0450000,SHASTA CO SO REDDING,SHASTA CO SO REDDING,County,CA,2020,74987,124,13,137,17,46,63,141,59,200,2.67
CA0450100,ANDERSON PD,ANDERSON PD,City,CA,2020,10705,19,0,19,0,8,8,19,8,27,2.52
CA0450200,REDDING PD,REDDING PD,City,CA,2020,92895,95,13,108,6,28,34,101,41,142,1.53
CA0459100,MARSHAL'S OFFICE REDDING,MARSHAL'S OFFICE REDDING,Other,CA,2020,0,20,3,23,1,1,2,21,4,25,
CA0460000,SIERRA CO SO DOWNIEVILLE,SIERRA CO SO DOWNIEVILLE,County,CA,2020,2952,8,4,12,1,2,3,9,6,15,5.08
CA0470000,SISKIYOU CO SO YREKA,SISKIYOU CO SO YREKA,County,CA,2020,20720,58,5,63,7,24,31,65,29,94,4.54
CA0470300,ETNA PD,ETNA PD,City,CA,2020,716,4,0,4,0,0,0,4,0,4,5.59
CA0470600,MOUNT SHASTA PD,MOUNT SHASTA PD,City,CA,2020,3261,8,0,8,0,4,4,8,4,12,3.68
CA0470700,TULELAKE PD,TULELAKE PD,City,CA,2020,975,2,0,2,0,0,0,2,0,2,2.05
CA0470800,WEED PD,WEED PD,City,CA,2020,2699,8,4,12,0,2,2,8,6,14,5.19
CA0470900,YREKA PD,YREKA PD,City,CA,2020,7489,13,2,15,0,6,6,13,8,21,2.80
CA0471000,LAKE SHASTINA PD WEED,LAKE SHASTINA PD WEED,City,CA,2020,2561,3,0,3,0,0,0,3,0,3,1.17
CA0480000,SOLANO CO SO FAIRFIELD,SOLANO CO SO FAIRFIELD,County,CA,2020,15389,122,218,340,13,152,165,135,370,505,32.82
CA0480100,BENICIA PD,BENICIA PD,City,CA,2020,28374,26,0,26,5,18,23,31,18,49,1.73
CA0480200,DIXON PD,DIXON PD,City,CA,2020,20967,25,0,25,1,5,6,26,5,31,1.48
CA0480300,FAIRFIELD PD,FAIRFIELD PD,City,CA,2020,118491,107,7,114,10,55,65,117,62,179,1.51
CA0480400,RIO VISTA PD,RIO VISTA PD,City,CA,2020,10020,11,0,11,1,2,3,12,2,14,1.40
CA0480500,SUISUN CITY PD,SUISUN CITY PD,City,CA,2020,29842,16,1,17,5,11,16,21,12,33,1.11
CA0480600,VACAVILLE PD,VACAVILLE PD,City,CA,2020,101616,100,1,101,16,54,70,116,55,171,1.68
CA0480700,VALLEJO PD,VALLEJO PD,City,CA,2020,122326,100,8,108,11,44,55,111,52,163,1.33
CA0490000,SONOMA CO SO SANTA ROSA,SONOMA CO SO SANTA ROSA,County,CA,2020,135225,211,214,425,14,156,170,225,370,595,4.40
CA0490100,CLOVERDALE PD,CLOVERDALE PD,City,CA,2020,8660,12,1,13,1,7,8,13,8,21,2.42
CA0490200,COTATI PD,COTATI PD,City,CA,2020,7426,11,0,11,1,5,6,12,5,17,2.29
CA0490300,HEALDSBURG PD,HEALDSBURG PD,City,CA,2020,11907,14,0,14,2,7,9,16,7,23,1.93
CA0490400,ROHNERT PARK PD,ROHNERT PARK PD,City,CA,2020,43572,61,4,65,10,22,32,71,26,97,2.23
CA0490500,SANTA ROSA PD,SANTA ROSA PD,City,CA,2020,176932,162,21,183,12,57,69,174,78,252,1.42
CA0490600,SEBASTOPOL PD,SEBASTOPOL PD,City,CA,2020,7697,14,2,16,1,4,5,15,6,21,2.73
CA0490800,PETALUMA PD,PETALUMA PD,City,CA,2020,60806,53,13,66,4,26,30,57,39,96,1.58
CA0490900,CALIFORNIA STATE UNIV PD SONOMA,CALIFORNIA STATE UNIV PD SONOMA,University or College,CA,2020,0,12,0,12,1,1,2,13,1,14,
CA0491400,SANTA ROSA JUNIOR COLLEGE CAMPUS POL SANTA ROSA,SANTA ROSA JUNIOR COLLEGE CAMPUS POL SANTA ROSA,University or College,CA,2020,0,7,8,15,2,3,5,9,11,20,
CA0500000,STANISLAUS CO SO MODESTO,STANISLAUS CO SO MODESTO,County,CA,2020,108970,460,50,510,57,145,202,517,195,712,6.53
CA0500100,CERES PD,CERES PD,City,CA,2020,49028,44,2,46,3,14,17,47,16,63,1.28
CA0500200,MODESTO PD,MODESTO PD,City,CA,2020,216560,184,26,210,19,73,92,203,99,302,1.39
CA0500300,NEWMAN PD,NEWMAN PD,City,CA,2020,11965,11,0,11,1,2,3,12,2,14,1.17
CA0500400,OAKDALE PD,OAKDALE PD,City,CA,2020,23926,18,1,19,4,8,12,22,9,31,1.30
CA0500700,TURLOCK PD,TURLOCK PD,City,CA,2020,74183,68,1,69,8,34,42,76,35,111,1.50
CA0501000,CALIFORNIA STATE COLLEGE PD TURLOCK,CALIFORNIA STATE COLLEGE PD TURLOCK,University or College,CA,2020,0,8,1,9,4,6,10,12,7,19,
CA0510000,SUTTER CO SO YUBA CITY,SUTTER CO SO YUBA CITY,County,CA,2020,29081,83,2,85,17,24,41,100,26,126,4.33
CA0510200,YUBA CITY PD,YUBA CITY PD,City,CA,2020,67165,55,2,57,9,22,31,64,24,88,1.31
CA0520000,TEHAMA CO SO RED BLUFF,TEHAMA CO SO RED BLUFF,County,CA,2020,42299,56,10,66,14,25,39,70,35,105,2.48
CA0520100,CORNING PD,CORNING PD,City,CA,2020,7714,13,2,15,0,6,6,13,8,21,2.72
CA0520200,RED BLUFF PD,RED BLUFF PD,City,CA,2020,14590,20,4,24,3,9,12,23,13,36,2.47
CA0530000,TRINITY CO SO WEAVERVILLE,TRINITY CO SO WEAVERVILLE,County,CA,2020,12010,30,1,31,9,9,18,39,10,49,4.08
CA0540000,TULARE CO SO VISALIA,TULARE CO SO VISALIA,County,CA,2020,135064,448,57,505,89,173,262,537,230,767,5.68
CA0540100,DINUBA PD,DINUBA PD,City,CA,2020,24807,31,5,36,2,8,10,33,13,46,1.85
CA0540200,EXETER PD,EXETER PD,City,CA,2020,10501,15,0,15,2,1,3,17,1,18,1.71
CA0540300,FARMERSVILLE PD,FARMERSVILLE PD,City,CA,2020,10716,15,0,15,1,1,2,16,1,17,1.59
CA0540400,LINDSAY PD,LINDSAY PD,City,CA,2020,13668,15,0,15,2,1,3,17,1,18,1.32
CA0540500,PORTERVILLE PD,PORTERVILLE PD,City,CA,2020,59757,56,11,67,12,21,33,68,32,100,1.67
CA0540600,TULARE PD,TULARE PD,City,CA,2020,66207,60,15,75,7,31,38,67,46,113,1.71
CA0540700,VISALIA PD,VISALIA PD,City,CA,2020,135733,133,10,143,17,56,73,150,66,216,1.59
CA0540800,WOODLAKE PD,WOODLAKE PD,City,CA,2020,7697,10,0,10,1,1,2,11,1,12,1.56
CA0541100,COLLEGE OF SEQUOIAS PD VISALIA,COLLEGE OF SEQUOIAS PD VISALIA,University or College,CA,2020,0,6,0,6,0,1,1,6,1,7,
CA0550000,TUOLUMNE CO SO SONORA,TUOLUMNE CO SO SONORA,County,CA,2020,48995,57,32,89,3,36,39,60,68,128,2.61
CA0550100,SONORA PD,SONORA PD,City,CA,2020,4860,8,1,9,2,6,8,10,7,17,3.50
CA0560000,VENTURA CO SO VENTURA,VENTURA CO SO VENTURA,County,CA,2020,85693,642,180,822,101,311,412,743,491,1234,14.40
CA0560400,OXNARD PD,OXNARD PD,City,CA,2020,210064,194,25,219,33,73,106,227,98,325,1.55
CA0560500,PORT HUENEME PD,PORT HUENEME PD,City,CA,2020,21949,16,3,19,4,7,11,20,10,30,1.37
CA0560600,SANTA PAULA PD,SANTA PAULA PD,City,CA,2020,29861,29,3,32,2,8,10,31,11,42,1.41
CA0560800,VENTURA PD,VENTURA PD,City,CA,2020,109295,115,13,128,16,42,58,131,55,186,1.70
CA0560900,SIMI VALLEY PD,SIMI VALLEY PD,City,CA,2020,125742,113,8,121,11,33,44,124,41,165,1.31
CA0562200,CA STATE UNIVERSITY CHANNEL ISLANDS PD,CA STATE UNIVERSITY CHANNEL ISLANDS PD,University or College,CA,2020,0,12,6,18,1,7,8,13,13,26,
CA056800X,VENTURA CNTY COM COL DST,VENTURA CNTY COM COL DST,University or College,CA,2020,0,13,0,13,1,0,1,14,0,14,
CA0570000,YOLO CO SO WOODLAND,YOLO CO SO WOODLAND,County,CA,2020,28100,69,89,158,6,92,98,75,181,256,9.11
CA0570100,DAVIS PD,DAVIS PD,City,CA,2020,69853,48,8,56,8,24,32,56,32,88,1.26
CA0570200,WINTERS PD,WINTERS PD,City,CA,2020,7397,8,0,8,1,2,3,9,2,11,1.49
CA0570300,WOODLAND PD,WOODLAND PD,City,CA,2020,61123,57,0,57,9,15,24,66,15,81,1.33
CA0570400,WEST SACRAMENTO PD WEST SACRAMENTO,WEST SACRAMENTO PD WEST SACRAMENTO,City,CA,2020,54068,62,3,65,9,21,30,71,24,95,1.76
CA0579700,UNIVERSITY OF CALIFORNIA PD DAVIS,UNIVERSITY OF CALIFORNIA PD DAVIS,University or College,CA,2020,0,31,8,39,8,15,23,39,23,62,
CA0580000,YUBA CO SO MARYSVILLE,YUBA CO SO MARYSVILLE,County,CA,2020,62174,102,7,109,30,35,65,132,42,174,2.80
CA0580100,MARYSVILLE PD,MARYSVILLE PD,City,CA,2020,12519,16,1,17,1,9,10,17,10,27,2.16
CA0580200,WHEATLAND PD,WHEATLAND PD,City,CA,2020,3916,8,0,8,0,0,0,8,0,8,2.04
CADIT0800,HOOPA VALLEY TRIBAL POLICE DEPARTMENT,HOOPA VALLEY TRIBAL POLICE DEPARTMENT,Tribal,CA,2020,0,9,2,11,1,4,5,10,6,16,
CADIT1100,,,Tribal,CA,2020,0,18,4,22,0,3,3,18,7,25,
